QUAT,w,x,y,z,timestamp
quat0,-0.73429,0.08235,-0.67169,-0.05354,486.24
quat1,0.10098,-0.96200,0.20650,-0.14740,486.24
quat2,0.31023,-0.90496,-0.02272,-0.29034,486.24
quat3,-0.16260,-0.68483,-0.03504,-0.70946,486.24
quat4,0.10063,-0.74084,-0.20776,-0.63077,486.24
quat5,-0.09321,-0.80038,0.00302,-0.59220,486.24
quat6,-0.09446,-0.86579,0.02033,-0.49099,486.24
quat7,-0.03074,-0.93363,0.01893,-0.35642,486.24
quat8,-0.07503,-0.82797,-0.00509,-0.55571,486.24
quat0,-0.71471,0.07413,-0.69503,-0.02502,486.26
quat1,0.10607,-0.96136,0.21319,-0.13816,486.26
quat2,0.31844,-0.88933,-0.02946,-0.32684,486.26
quat3,-0.16465,-0.68123,-0.04481,-0.71190,486.26
quat4,0.10621,-0.75594,-0.22066,-0.60711,486.26
quat5,-0.06019,-0.81375,-0.01288,-0.57795,486.26
quat6,-0.11726,-0.87149,0.03088,-0.47518,486.26
quat7,-0.04208,-0.91981,0.02887,-0.38903,486.26
quat8,-0.05309,-0.81516,-0.02187,-0.57639,486.26
quat0,-0.71607,0.06611,-0.69481,-0.00993,486.28
quat1,0.11058,-0.95997,0.22163,-0.13082,486.28
quat2,0.32340,-0.86856,-0.02631,-0.37459,486.28
quat3,-0.16755,-0.67987,-0.05477,-0.71184,486.28
quat4,0.11470,-0.76331,-0.23516,-0.59068,486.28
quat5,-0.04436,-0.81094,-0.02354,-0.58296,486.28
quat6,-0.13440,-0.88153,0.03864,-0.45095,486.28
quat7,-0.04931,-0.90879,0.03008,-0.41325,486.28
quat8,-0.05005,-0.81430,-0.02748,-0.57762,486.28
quat0,-0.71986,0.06366,-0.69119,-0.00003,486.3
quat1,0.11456,-0.95933,0.22419,-0.12769,486.3
quat2,0.32790,-0.84623,-0.01875,-0.41956,486.3
quat3,-0.16794,-0.67809,-0.06361,-0.71270,486.3
quat4,0.12597,-0.76245,-0.24977,-0.58345,486.3
quat5,-0.04417,-0.80941,-0.02384,-0.58509,486.3
quat6,-0.13664,-0.88728,0.04674,-0.43805,486.3
quat7,-0.04226,-0.90292,0.01811,-0.42734,486.3
quat8,-0.05851,-0.80924,-0.02190,-0.58415,486.3
quat0,-0.71721,0.07033,-0.69327,-0.00620,486.32
quat1,0.11532,-0.95904,0.22177,-0.13331,486.32
quat2,0.33247,-0.82700,-0.01245,-0.45318,486.32
quat3,-0.16530,-0.67415,-0.06887,-0.71656,486.32
quat4,0.13909,-0.75678,-0.26308,-0.58200,486.32
quat5,-0.04884,-0.81226,-0.01791,-0.58097,486.32
quat6,-0.12140,-0.88606,0.04548,-0.44507,486.32
quat7,-0.03827,-0.90230,0.00935,-0.42930,486.32
quat8,-0.07105,-0.80093,-0.01615,-0.59431,486.32
quat0,-0.71409,0.08480,-0.69461,-0.02009,486.34
quat1,0.11465,-0.95911,0.21625,-0.14210,486.34
quat2,0.33501,-0.81239,-0.00835,-0.47720,486.34
quat3,-0.16136,-0.67016,-0.07062,-0.72101,486.34
quat4,0.15165,-0.75193,-0.27216,-0.58098,486.34
quat5,-0.05535,-0.82371,-0.01156,-0.56418,486.34
quat6,-0.10515,-0.88963,0.03390,-0.44311,486.34
quat7,-0.04020,-0.90473,0.00926,-0.42398,486.34
quat8,-0.08257,-0.79488,-0.00927,-0.60106,486.34
quat0,-0.70977,0.08679,-0.69862,-0.02502,486.36
quat1,0.11399,-0.95879,0.20908,-0.15494,486.36
quat2,0.33373,-0.80452,-0.00717,-0.49124,486.36
quat3,-0.15790,-0.66904,-0.07019,-0.72286,486.36
quat4,0.15971,-0.75295,-0.27641,-0.57547,486.36
quat5,-0.06321,-0.83321,-0.00387,-0.54932,486.36
quat6,-0.10285,-0.89543,0.02324,-0.43254,486.36
quat7,-0.04257,-0.90789,0.01326,-0.41683,486.36
quat8,-0.09288,-0.79499,-0.00122,-0.59947,486.36
quat0,-0.70701,0.07066,-0.70354,-0.01340,486.38
quat1,0.11420,-0.95860,0.20036,-0.16702,486.38
quat2,0.32962,-0.80334,-0.00976,-0.49587,486.38
quat3,-0.15467,-0.67075,-0.06881,-0.72211,486.38
quat4,0.16343,-0.75805,-0.27510,-0.56831,486.38
quat5,-0.07353,-0.83411,0.00234,-0.54668,486.38
quat6,-0.10940,-0.89324,0.01784,-0.43571,486.38
quat7,-0.03994,-0.91446,0.01453,-0.40245,486.38
quat8,-0.10203,-0.79999,0.00785,-0.59122,486.38
quat0,-0.70759,0.05770,-0.70426,0.00027,486.4
quat1,0.11494,-0.95905,0.19032,-0.17545,486.4
quat2,0.32391,-0.80535,-0.01312,-0.49631,486.4
quat3,-0.15290,-0.67374,-0.06688,-0.71987,486.4
quat4,0.16547,-0.76398,-0.26897,-0.56267,486.4
quat5,-0.08575,-0.82501,0.00437,-0.55856,486.4
quat6,-0.10923,-0.88946,0.01383,-0.44355,486.4
quat7,-0.03365,-0.92375,0.01149,-0.38134,486.4
quat8,-0.10943,-0.80905,0.01725,-0.57721,486.4
quat0,-0.70848,0.05699,-0.70342,0.00442,486.42
quat1,0.11541,-0.95929,0.18023,-0.18427,486.42
quat2,0.31576,-0.81044,-0.01598,-0.49318,486.42
quat3,-0.15279,-0.67635,-0.06403,-0.71771,486.42
quat4,0.16491,-0.77017,-0.26054,-0.55836,486.42
quat5,-0.09856,-0.81409,0.00645,-0.57228,486.42
quat6,-0.10406,-0.88747,0.00976,-0.44885,486.42
quat7,-0.02500,-0.93133,0.00717,-0.36323,486.42
quat8,-0.11576,-0.81963,0.02623,-0.56047,486.42
quat0,-0.70948,0.06224,-0.70197,0.00171,486.44
quat1,0.11582,-0.95907,0.17123,-0.19354,486.44
quat2,0.30800,-0.82048,-0.02159,-0.48112,486.44
quat3,-0.15310,-0.68049,-0.05939,-0.71412,486.44
quat4,0.16204,-0.77608,-0.25031,-0.55570,486.44
quat5,-0.11106,-0.80438,0.00845,-0.58358,486.44
quat6,-0.09730,-0.88561,0.00488,-0.45409,486.44
quat7,-0.01284,-0.93622,0.00416,-0.35116,486.44
quat8,-0.12245,-0.82913,0.03509,-0.54435,486.44
quat0,-0.70890,0.06417,-0.70238,0.00227,486.46
quat1,0.11548,-0.95877,0.16321,-0.20197,486.46
quat2,0.30295,-0.83450,-0.02818,-0.45939,486.46
quat3,-0.15246,-0.68727,-0.05453,-0.70813,486.46
quat4,0.15698,-0.78176,-0.24018,-0.55364,486.46
quat5,-0.12385,-0.79412,0.01056,-0.59491,486.46
quat6,-0.08874,-0.88357,-0.00058,-0.45981,486.46
quat7,-0.00468,-0.93878,0.00406,-0.34446,486.46
quat8,-0.13038,-0.83568,0.04292,-0.53179,486.46
quat0,-0.70846,0.06260,-0.70295,0.00513,486.48
quat1,0.11336,-0.95890,0.15632,-0.20791,486.48
quat2,0.30037,-0.85250,-0.03745,-0.42618,486.48
quat3,-0.15218,-0.69671,-0.04870,-0.69933,486.48
quat4,0.14993,-0.78744,-0.23024,-0.55177,486.48
quat5,-0.13782,-0.78290,0.01348,-0.60654,486.48
quat6,-0.07907,-0.88109,-0.00650,-0.46625,486.48
quat7,-0.00052,-0.93914,0.00332,-0.34352,486.48
quat8,-0.13955,-0.83840,0.05096,-0.52442,486.48
quat0,-0.70820,0.06250,-0.70322,0.00569,486.5
quat1,0.10982,-0.95834,0.15255,-0.21507,486.5
quat2,0.29589,-0.87141,-0.05194,-0.38781,486.5
quat3,-0.15097,-0.70413,-0.04346,-0.69247,486.5
quat4,0.14491,-0.78525,-0.22488,-0.55840,486.5
quat5,-0.15225,-0.77392,0.01639,-0.61449,486.5
quat6,-0.07087,-0.87919,-0.01219,-0.47101,486.5
quat7,0.00235,-0.93815,-0.00097,-0.34622,486.5
quat8,-0.14962,-0.83816,0.05833,-0.52125,486.5
quat0,-0.70836,0.06398,-0.70292,0.00567,486.52
quat1,0.10604,-0.95684,0.15149,-0.22417,486.52
quat2,0.29878,-0.88512,-0.06179,-0.35139,486.52
quat3,-0.14927,-0.70989,-0.03835,-0.68725,486.52
quat4,0.14351,-0.77152,-0.22397,-0.57793,486.52
quat5,-0.16757,-0.76593,0.01934,-0.62041,486.52
quat6,-0.06456,-0.87840,-0.01785,-0.47322,486.52
quat7,0.00725,-0.93657,-0.00847,-0.35029,486.52
quat8,-0.15896,-0.83624,0.06476,-0.52081,486.52
quat0,-0.70976,0.06193,-0.70164,0.01034,486.54
quat1,0.10116,-0.95464,0.15415,-0.23380,486.54
quat2,0.31034,-0.89009,-0.06040,-0.32829,486.54
quat3,-0.14741,-0.71553,-0.03492,-0.68196,486.54
quat4,0.14721,-0.74870,-0.22804,-0.60480,486.54
quat5,-0.19179,-0.76333,0.03448,-0.61592,486.54
quat6,-0.06074,-0.88066,-0.02271,-0.46928,486.54
quat7,0.01308,-0.93643,-0.01723,-0.35018,486.54
quat8,-0.17930,-0.83134,0.07302,-0.52096,486.54
quat0,-0.71031,0.05857,-0.70127,0.01604,486.56
quat1,0.09497,-0.95197,0.16210,-0.24178,486.56
quat2,0.32395,-0.89507,-0.06028,-0.30044,486.56
quat3,-0.14684,-0.72063,-0.03608,-0.67663,486.56
quat4,0.15697,-0.72253,-0.23758,-0.62998,486.56
quat5,-0.24170,-0.75137,0.04515,-0.61237,486.56
quat6,-0.04275,-0.88708,-0.02591,-0.45890,486.56
quat7,0.02300,-0.93102,-0.02712,-0.36322,486.56
quat8,-0.21746,-0.83392,0.11632,-0.49372,486.56
quat0,-0.70708,0.10116,-0.69984,-0.00558,486.58
quat1,0.09199,-0.95109,0.17410,-0.23802,486.58
quat2,0.33974,-0.89938,-0.06584,-0.26711,486.58
quat3,-0.15198,-0.71833,-0.04714,-0.67726,486.58
quat4,0.17421,-0.69675,-0.25263,-0.64836,486.58
quat5,-0.26938,-0.72804,0.04433,-0.62883,486.58
quat6,-0.03605,-0.89503,-0.02769,-0.44369,486.58
quat7,0.00918,-0.92251,-0.02736,-0.38490,486.58
quat8,-0.22893,-0.84754,0.14200,-0.45728,486.58
quat0,-0.73047,0.16716,-0.65942,-0.06031,486.6
quat1,0.08576,-0.95432,0.18504,-0.21836,486.6
quat2,0.35125,-0.90191,-0.06501,-0.24282,486.6
quat3,-0.16038,-0.69733,-0.05805,-0.69616,486.6
quat4,0.19266,-0.67601,-0.26940,-0.65827,486.6
quat5,-0.28280,-0.72952,0.04780,-0.62092,486.6
quat6,-0.02934,-0.90309,-0.03817,-0.42675,486.6
quat7,0.01304,-0.92173,-0.03268,-0.38624,486.6
quat8,-0.23747,-0.84216,0.15471,-0.45873,486.6
quat0,-0.71177,0.11902,-0.69135,-0.03541,486.62
quat1,0.07860,-0.95896,0.18096,-0.20363,486.62
quat2,0.35711,-0.90360,-0.06137,-0.22852,486.62
quat3,-0.16331,-0.68081,-0.04973,-0.71229,486.62
quat4,0.20676,-0.66002,-0.28052,-0.66553,486.62
quat5,-0.28398,-0.72893,0.04854,-0.62102,486.62
quat6,-0.03519,-0.90587,-0.03670,-0.42049,486.62
quat7,0.00205,-0.92343,-0.01984,-0.38324,486.62
quat8,-0.23802,-0.84221,0.15176,-0.45935,486.62
quat0,-0.70446,0.11922,-0.69856,-0.03935,486.64
quat1,0.07433,-0.95908,0.18466,-0.20137,486.64
quat2,0.35709,-0.90529,-0.05803,-0.22264,486.64
quat3,-0.16705,-0.67139,-0.04454,-0.72066,486.64
quat4,0.21452,-0.65191,-0.28355,-0.66978,486.64
quat5,-0.26949,-0.73165,0.04621,-0.62444,486.64
quat6,-0.05138,-0.90102,-0.02561,-0.42996,486.64
quat7,-0.00821,-0.93111,-0.01055,-0.36451,486.64
quat8,-0.22747,-0.84830,0.13619,-0.45836,486.64
quat0,-0.71039,0.09930,-0.69654,-0.01767,486.66
quat1,0.07219,-0.96017,0.18342,-0.19806,486.66
quat2,0.35777,-0.90596,-0.06316,-0.21735,486.66
quat3,-0.16883,-0.66666,-0.04328,-0.72470,486.66
quat4,0.22115,-0.65226,-0.27915,-0.66912,486.66
quat5,-0.24042,-0.74246,0.03882,-0.62405,486.66
quat6,-0.07325,-0.89490,-0.00953,-0.44012,486.66
quat7,-0.02591,-0.93774,-0.00141,-0.34636,486.66
quat8,-0.20409,-0.85345,0.11147,-0.46642,486.66
quat0,-0.70257,0.09830,-0.70395,-0.03433,486.68
quat1,0.07567,-0.96370,0.18283,-0.17926,486.68
quat2,0.36642,-0.90176,-0.07278,-0.21740,486.68
quat3,-0.16529,-0.65407,-0.04392,-0.73684,486.68
quat4,0.22962,-0.65948,-0.27369,-0.66140,486.68
quat5,-0.19306,-0.76278,0.02194,-0.61678,486.68
quat6,-0.09871,-0.89027,0.00810,-0.44453,486.68
quat7,-0.04646,-0.94142,0.01325,-0.33377,486.68
quat8,-0.16683,-0.84994,0.07394,-0.49426,486.68
quat0,-0.70765,0.10064,-0.69698,-0.05770,486.7
quat1,0.08382,-0.96823,0.18457,-0.14644,486.7
quat2,0.37869,-0.89137,-0.08292,-0.23491,486.7
quat3,-0.16150,-0.63660,-0.05361,-0.75219,486.7
quat4,0.23795,-0.67511,-0.27594,-0.64145,486.7
quat5,-0.14146,-0.79744,0.00370,-0.58657,486.7
quat6,-0.12409,-0.88643,0.01898,-0.44551,486.7
quat7,-0.05890,-0.93830,0.03164,-0.33931,486.7
quat8,-0.13124,-0.82500,0.03936,-0.54827,486.7
quat0,-0.70230,0.11533,-0.69812,-0.07810,486.72
quat1,0.09296,-0.96988,0.19040,-0.12015,486.72
quat2,0.38799,-0.87471,-0.08365,-0.27813,486.72
quat3,-0.15911,-0.61900,-0.06817,-0.76608,486.72
quat4,0.24313,-0.70111,-0.28341,-0.60746,486.72
quat5,-0.10947,-0.81465,-0.01559,-0.56931,486.72
quat6,-0.14740,-0.88731,0.02337,-0.43635,486.72
quat7,-0.07037,-0.92858,0.04995,-0.36095,486.72
quat8,-0.10738,-0.81080,0.02223,-0.57495,486.72
quat0,-0.71006,0.10997,-0.69258,-0.06375,486.74
quat1,0.10657,-0.96699,0.20863,-0.10023,486.74
quat2,0.39325,-0.85053,-0.06797,-0.34253,486.74
quat3,-0.15816,-0.60733,-0.08294,-0.77412,486.74
quat4,0.24021,-0.72504,-0.30044,-0.57127,486.74
quat5,-0.09221,-0.82137,-0.02670,-0.56225,486.74
quat6,-0.16374,-0.88661,0.03108,-0.43144,486.74
quat7,-0.07707,-0.92052,0.05426,-0.37915,486.74
quat8,-0.09669,-0.80792,0.01338,-0.58115,486.74
quat0,-0.71363,0.10684,-0.69082,-0.04561,486.76
quat1,0.12169,-0.96274,0.22590,-0.08539,486.76
quat2,0.39944,-0.81996,-0.04516,-0.40751,486.76
quat3,-0.15738,-0.60429,-0.08999,-0.77587,486.76
quat4,0.23681,-0.73663,-0.31745,-0.54820,486.76
quat5,-0.08646,-0.82103,-0.02719,-0.56364,486.76
quat6,-0.16328,-0.87974,0.03914,-0.44482,486.76
quat7,-0.07074,-0.91688,0.03864,-0.39094,486.76
quat8,-0.09336,-0.80460,0.00905,-0.58637,486.76
quat0,-0.71103,0.10217,-0.69443,-0.04189,486.78
quat1,0.12647,-0.96028,0.23224,-0.08907,486.78
quat2,0.40460,-0.79067,-0.02508,-0.45882,486.78
quat3,-0.15612,-0.60943,-0.09129,-0.77194,486.78
quat4,0.23802,-0.73865,-0.32501,-0.54047,486.78
quat5,-0.08490,-0.81451,-0.02052,-0.57354,486.78
quat6,-0.14992,-0.87565,0.04197,-0.45716,486.78
quat7,-0.06770,-0.91432,0.02621,-0.39844,486.78
quat8,-0.09367,-0.79604,0.00353,-0.59795,486.78
quat0,-0.70613,0.11161,-0.69706,-0.05504,486.8
quat1,0.12355,-0.95851,0.23425,-0.10545,486.8
quat2,0.40699,-0.76926,-0.01008,-0.49244,486.8
quat3,-0.15365,-0.61891,-0.09169,-0.76481,486.8
quat4,0.23915,-0.74021,-0.32305,-0.53902,486.8
quat5,-0.08489,-0.81405,-0.01582,-0.57434,486.8
quat6,-0.14071,-0.87947,0.03776,-0.45311,486.8
quat7,-0.07373,-0.90762,0.02471,-0.41254,486.8
quat8,-0.09287,-0.78393,-0.00113,-0.61386,486.8
quat0,-0.70119,0.11656,-0.70049,-0.06370,486.82
quat1,0.11814,-0.95757,0.23162,-0.12433,486.82
quat2,0.40821,-0.76171,-0.00680,-0.50310,486.82
quat3,-0.15075,-0.62995,-0.09121,-0.75639,486.82
quat4,0.23697,-0.74452,-0.31695,-0.53766,486.82
quat5,-0.08636,-0.81799,-0.01268,-0.56858,486.82
quat6,-0.14021,-0.88627,0.03247,-0.44023,486.82
quat7,-0.08078,-0.90014,0.02499,-0.42731,486.82
quat8,-0.09134,-0.77770,-0.00396,-0.62196,486.82
quat0,-0.70048,0.09979,-0.70504,-0.04782,486.84
quat1,0.11547,-0.95764,0.22514,-0.13748,486.84
quat2,0.40691,-0.76611,-0.01171,-0.49736,486.84
quat3,-0.14669,-0.64111,-0.08842,-0.74809,486.84
quat4,0.23263,-0.75043,-0.30983,-0.53548,486.84
quat5,-0.08957,-0.81996,-0.01074,-0.56527,486.84
quat6,-0.13936,-0.89100,0.03018,-0.43103,486.84
quat7,-0.07950,-0.89882,0.02227,-0.43047,486.84
quat8,-0.08894,-0.77480,-0.00636,-0.62589,486.84
quat0,-0.70107,0.08781,-0.70694,-0.03209,486.86
quat1,0.11538,-0.95876,0.21613,-0.14410,486.86
quat2,0.40478,-0.77272,-0.01842,-0.48858,486.86
quat3,-0.14185,-0.65165,-0.08451,-0.74033,486.86
quat4,0.22636,-0.75767,-0.30113,-0.53294,486.86
quat5,-0.09414,-0.81899,-0.00980,-0.56594,486.86
quat6,-0.13525,-0.89359,0.02829,-0.42710,486.86
quat7,-0.07040,-0.90303,0.01560,-0.42348,486.86
quat8,-0.08764,-0.77264,-0.00726,-0.62873,486.86
quat0,-0.70184,0.08393,-0.70686,-0.02694,486.88
quat1,0.11721,-0.96023,0.20599,-0.14760,486.88
quat2,0.39992,-0.77801,-0.02260,-0.48400,486.88
quat3,-0.13727,-0.66232,-0.08110,-0.73206,486.88
quat4,0.21977,-0.76575,-0.29106,-0.52973,486.88
quat5,-0.09847,-0.81701,-0.00867,-0.56808,486.88
quat6,-0.12710,-0.89512,0.02532,-0.42657,486.88
quat7,-0.05939,-0.90771,0.00757,-0.41531,486.88
quat8,-0.08622,-0.77325,-0.00770,-0.62817,486.88
quat0,-0.69998,0.08675,-0.70817,-0.03161,486.9
quat1,0.11990,-0.96131,0.19736,-0.15016,486.9
quat2,0.39234,-0.78308,-0.02451,-0.48193,486.9
quat3,-0.13438,-0.67171,-0.07870,-0.72427,486.9
quat4,0.21464,-0.77304,-0.28022,-0.52708,486.9
quat5,-0.10310,-0.81436,-0.00679,-0.57109,486.9
quat6,-0.11633,-0.89659,0.01995,-0.42684,486.9
quat7,-0.04950,-0.91132,0.00042,-0.40871,486.9
quat8,-0.08562,-0.77716,-0.00725,-0.62340,486.9
quat0,-0.69838,0.08944,-0.70919,-0.03616,486.92
quat1,0.12114,-0.96230,0.18934,-0.15316,486.92
quat2,0.38195,-0.79004,-0.02810,-0.47871,486.92
quat3,-0.13267,-0.67736,-0.07547,-0.71964,486.92
quat4,0.21202,-0.77866,-0.26984,-0.52529,486.92
quat5,-0.10732,-0.81082,-0.00507,-0.57535,486.92
quat6,-0.10559,-0.89723,0.01332,-0.42855,486.92
quat7,-0.04227,-0.91405,-0.00463,-0.40336,486.92
quat8,-0.08520,-0.78212,-0.00582,-0.61725,486.92
quat0,-0.69683,0.08733,-0.71108,-0.03416,486.94
quat1,0.12026,-0.96271,0.18142,-0.16068,486.94
quat2,0.36907,-0.79808,-0.03235,-0.47520,486.94
quat3,-0.13241,-0.68016,-0.07117,-0.71749,486.94
quat4,0.20989,-0.78279,-0.25977,-0.52507,486.94
quat5,-0.11222,-0.80636,-0.00351,-0.58068,486.94
quat6,-0.09683,-0.89621,0.00733,-0.43287,486.94
quat7,-0.03749,-0.91645,-0.00838,-0.39831,486.94
quat8,-0.08636,-0.78809,-0.00321,-0.60947,486.94
quat0,-0.69520,0.08597,-0.71298,-0.03100,486.96
quat1,0.11869,-0.96244,0.17392,-0.17138,486.96
quat2,0.35575,-0.80836,-0.03724,-0.46755,486.96
quat3,-0.13260,-0.68290,-0.06636,-0.71531,486.96
quat4,0.20880,-0.78472,-0.24968,-0.52752,486.96
quat5,-0.11742,-0.80053,-0.00250,-0.58767,486.96
quat6,-0.08868,-0.89365,0.00260,-0.43992,486.96
quat7,-0.03434,-0.91849,-0.01240,-0.39376,486.96
quat8,-0.08900,-0.79467,0.00031,-0.60048,486.96
quat0,-0.69354,0.08534,-0.71480,-0.02788,486.98
quat1,0.11691,-0.96185,0.16620,-0.18316,486.98
quat2,0.34504,-0.82121,-0.04268,-0.45249,486.98
quat3,-0.13179,-0.68672,-0.06071,-0.71229,486.98
quat4,0.20759,-0.78394,-0.24183,-0.53279,486.98
quat5,-0.12363,-0.79271,-0.00085,-0.59693,486.98
quat6,-0.08022,-0.89043,-0.00160,-0.44799,486.98
quat7,-0.03139,-0.92032,-0.01730,-0.38953,486.98
quat8,-0.09318,-0.80181,0.00468,-0.59025,486.98
quat0,-0.69369,0.08336,-0.71501,-0.02485,487
quat1,0.11544,-0.96112,0.15866,-0.19429,487
quat2,0.33632,-0.83593,-0.05163,-0.43064,487
quat3,-0.13054,-0.69383,-0.05446,-0.70612,487
quat4,0.20639,-0.77962,-0.23722,-0.54159,487
quat5,-0.12939,-0.78522,0.00107,-0.60555,487
quat6,-0.07245,-0.88851,-0.00625,-0.45305,487
quat7,-0.02595,-0.92258,-0.02393,-0.38419,487
quat8,-0.09920,-0.80819,0.01014,-0.58041,487
quat0,-0.69381,0.08025,-0.71541,-0.01949,487.02
quat1,0.11433,-0.95997,0.15233,-0.20536,487.02
quat2,0.33025,-0.85039,-0.06202,-0.40487,487.02
quat3,-0.13014,-0.70266,-0.04940,-0.69778,487.02
quat4,0.20662,-0.76978,-0.23523,-0.55624,487.02
quat5,-0.13241,-0.77852,0.00034,-0.61350,487.02
quat6,-0.06579,-0.88825,-0.01156,-0.45447,487.02
quat7,-0.01620,-0.92556,-0.03189,-0.37691,487.02
quat8,-0.10631,-0.81334,0.01598,-0.57176,487.02
quat0,-0.69521,0.07889,-0.71431,-0.01482,487.04
quat1,0.11192,-0.95835,0.14885,-0.21652,487.04
quat2,0.33331,-0.86380,-0.07225,-0.37084,487.04
quat3,-0.12962,-0.71185,-0.04618,-0.68872,487.04
quat4,0.21021,-0.75295,-0.23579,-0.57730,487.04
quat5,-0.13467,-0.77270,-0.00003,-0.62032,487.04
quat6,-0.06018,-0.88889,-0.01732,-0.45383,487.04
quat7,-0.00545,-0.92775,-0.04183,-0.37082,487.04
quat8,-0.11143,-0.82002,0.02060,-0.56100,487.04
quat0,-0.69680,0.07916,-0.71280,-0.01071,487.06
quat1,0.10563,-0.95677,0.14873,-0.22653,487.06
quat2,0.34415,-0.87556,-0.08439,-0.32837,487.06
quat3,-0.12998,-0.72091,-0.04628,-0.67916,487.06
quat4,0.22000,-0.73002,-0.24213,-0.60003,487.06
quat5,-0.18279,-0.77690,0.07240,-0.59814,487.06
quat6,-0.04699,-0.88783,-0.02076,-0.45729,487.06
quat7,0.00432,-0.93084,-0.05453,-0.36132,487.06
quat8,-0.19654,-0.79495,0.03756,-0.57273,487.06
quat0,-0.69958,0.09499,-0.70796,-0.01866,487.08
quat1,0.09721,-0.95582,0.15241,-0.23181,487.08
quat2,0.35636,-0.88368,-0.09813,-0.28721,487.08
quat3,-0.13240,-0.72898,-0.05097,-0.66967,487.08
quat4,0.23740,-0.70268,-0.25337,-0.62103,487.08
quat5,-0.21343,-0.71682,0.07087,-0.66000,487.08
quat6,-0.05309,-0.88814,-0.02195,-0.45597,487.08
quat7,0.01251,-0.93511,-0.07589,-0.34590,487.08
quat8,-0.20665,-0.83663,0.06624,-0.50294,487.08
quat0,-0.70670,0.18573,-0.67832,-0.07721,487.1
quat1,0.09268,-0.95685,0.15826,-0.22540,487.1
quat2,0.36663,-0.88656,-0.10448,-0.26206,487.1
quat3,-0.13575,-0.72484,-0.05923,-0.67281,487.1
quat4,0.26070,-0.67382,-0.26625,-0.63805,487.1
quat5,-0.22828,-0.72171,0.07378,-0.64930,487.1
quat6,-0.03184,-0.90288,-0.02533,-0.42797,487.1
quat7,0.02062,-0.91996,-0.08732,-0.38161,487.1
quat8,-0.23062,-0.82306,0.08801,-0.51150,487.1
quat0,-0.70328,0.12320,-0.69875,-0.04440,487.12
quat1,0.08652,-0.95914,0.15667,-0.21914,487.12
quat2,0.36549,-0.88885,-0.10137,-0.25707,487.12
quat3,-0.13764,-0.70191,-0.05721,-0.69650,487.12
quat4,0.27759,-0.65298,-0.27680,-0.64803,487.12
quat5,-0.23801,-0.72351,0.07699,-0.64340,487.12
quat6,-0.03857,-0.91344,-0.03391,-0.40371,487.12
quat7,0.01486,-0.91115,-0.06839,-0.40608,487.12
quat8,-0.23635,-0.81985,0.09344,-0.51308,487.12
quat0,-0.69312,0.13452,-0.70545,-0.06189,487.14
quat1,0.08177,-0.95800,0.15588,-0.22637,487.14
quat2,0.35133,-0.89428,-0.09437,-0.26063,487.14
quat3,-0.13635,-0.69628,-0.04676,-0.70315,487.14
quat4,0.28461,-0.64533,-0.28143,-0.65065,487.14
quat5,-0.23210,-0.71796,0.07798,-0.65160,487.14
quat6,-0.05202,-0.90721,-0.03330,-0.41611,487.14
quat7,0.01072,-0.91399,-0.05795,-0.40143,487.14
quat8,-0.24025,-0.81986,0.08264,-0.51311,487.14
quat0,-0.68956,0.11944,-0.71303,-0.04292,487.16
quat1,0.07917,-0.95543,0.15210,-0.24032,487.16
quat2,0.33041,-0.90183,-0.09225,-0.26273,487.16
quat3,-0.14039,-0.69430,-0.04269,-0.70457,487.16
quat4,0.28615,-0.64971,-0.27606,-0.64790,487.16
quat5,-0.21321,-0.71828,0.07215,-0.65834,487.16
quat6,-0.07010,-0.89288,-0.02473,-0.44412,487.16
quat7,0.00404,-0.92436,-0.04484,-0.37887,487.16
quat8,-0.22567,-0.82885,0.06191,-0.50818,487.16
quat0,-0.69695,0.09414,-0.71010,-0.03406,487.18
quat1,0.08098,-0.95533,0.14751,-0.24296,487.18
quat2,0.31190,-0.90723,-0.09863,-0.26444,487.18
quat3,-0.14193,-0.68723,-0.04307,-0.71113,487.18
quat4,0.28653,-0.66185,-0.26665,-0.63935,487.18
quat5,-0.18126,-0.73229,0.06044,-0.65364,487.18
quat6,-0.09050,-0.88575,-0.01222,-0.45508,487.18
quat7,-0.01450,-0.93340,-0.03815,-0.35651,487.18
quat8,-0.19747,-0.83196,0.03184,-0.51754,487.18
quat0,-0.69467,0.08553,-0.71257,-0.04865,487.2
quat1,0.08406,-0.95794,0.14451,-0.23323,487.2
quat2,0.29759,-0.90594,-0.10978,-0.28045,487.2
quat3,-0.14080,-0.67250,-0.04258,-0.72533,487.2
quat4,0.28455,-0.68350,-0.25997,-0.61990,487.2
quat5,-0.13126,-0.75625,0.03755,-0.63988,487.2
quat6,-0.11203,-0.88363,0.00074,-0.45458,487.2
quat7,-0.03305,-0.93778,-0.01781,-0.34519,487.2
quat8,-0.15660,-0.82391,-0.00591,-0.54462,487.2
quat0,-0.69960,0.09983,-0.70240,-0.08501,487.22
quat1,0.08844,-0.96260,0.14373,-0.21197,487.22
quat2,0.28977,-0.89433,-0.12193,-0.31833,487.22
quat3,-0.13875,-0.65444,-0.04814,-0.74172,487.22
quat4,0.28199,-0.71226,-0.25912,-0.58824,487.22
quat5,-0.08262,-0.79501,0.01612,-0.60072,487.22
quat6,-0.12973,-0.88893,0.00778,-0.43922,487.22
quat7,-0.03623,-0.93692,0.00218,-0.34766,487.22
quat8,-0.11828,-0.79117,-0.03565,-0.59899,487.22
quat0,-0.70492,0.09505,-0.69780,-0.08445,487.24
quat1,0.09305,-0.96522,0.15167,-0.19153,487.24
quat2,0.28811,-0.87227,-0.12857,-0.37365,487.24
quat3,-0.13811,-0.64027,-0.05794,-0.75341,487.24
quat4,0.27338,-0.74405,-0.26708,-0.54802,487.24
quat5,-0.05508,-0.80794,-0.00219,-0.58668,487.24
quat6,-0.14437,-0.90069,0.01156,-0.40960,487.24
quat7,-0.04130,-0.92965,0.01782,-0.36568,487.24
quat8,-0.09663,-0.77901,-0.04980,-0.61752,487.24
quat0,-0.71074,0.08596,-0.69599,-0.05528,487.26
quat1,0.09819,-0.96424,0.17031,-0.17774,487.26
quat2,0.28944,-0.84442,-0.12332,-0.43355,487.26
quat3,-0.13701,-0.62974,-0.06796,-0.76160,487.26
quat4,0.26477,-0.76449,-0.27869,-0.51748,487.26
quat5,-0.04142,-0.81094,-0.00796,-0.58361,487.26
quat6,-0.15413,-0.90264,0.01904,-0.40141,487.26
quat7,-0.04367,-0.91835,0.01504,-0.39306,487.26
quat8,-0.08649,-0.78352,-0.05125,-0.61318,487.26
quat0,-0.71164,0.08733,-0.69618,-0.03576,487.28
quat1,0.10335,-0.96329,0.18389,-0.16604,487.28
quat2,0.29663,-0.81510,-0.11342,-0.48452,487.28
quat3,-0.13529,-0.62581,-0.07404,-0.76458,487.28
quat4,0.26163,-0.77065,-0.28434,-0.50676,487.28
quat5,-0.03346,-0.80630,-0.00145,-0.59056,487.28
quat6,-0.14339,-0.89496,0.02443,-0.42178,487.28
quat7,-0.03797,-0.90941,-0.00380,-0.41414,487.28
quat8,-0.08406,-0.79225,-0.05445,-0.60192,487.28
quat0,-0.71373,0.08568,-0.69447,-0.03088,487.3
quat1,0.10617,-0.96261,0.18319,-0.16900,487.3
quat2,0.30582,-0.78706,-0.10157,-0.52602,487.3
quat3,-0.13425,-0.62845,-0.07558,-0.76244,487.3
quat4,0.26195,-0.77000,-0.28220,-0.50878,487.3
quat5,-0.02725,-0.81040,0.00369,-0.58523,487.3
quat6,-0.12809,-0.89401,0.02745,-0.42847,487.3
quat7,-0.03279,-0.90725,-0.01187,-0.41914,487.3
quat8,-0.08329,-0.78529,-0.05444,-0.61108,487.3
quat0,-0.71020,0.09648,-0.69586,-0.04567,487.32
quat1,0.10876,-0.96094,0.18054,-0.17934,487.32
quat2,0.30980,-0.76648,-0.08836,-0.55563,487.32
quat3,-0.13440,-0.63500,-0.07520,-0.75701,487.32
quat4,0.26208,-0.77075,-0.27716,-0.51034,487.32
quat5,-0.02188,-0.82442,0.00816,-0.56550,487.32
quat6,-0.12425,-0.90141,0.02642,-0.41391,487.32
quat7,-0.04077,-0.90140,-0.00205,-0.43106,487.32
quat8,-0.08364,-0.77141,-0.05134,-0.62873,487.32
quat0,-0.70902,0.09950,-0.69647,-0.04814,487.34
quat1,0.11095,-0.95933,0.17579,-0.19096,487.34
quat2,0.31151,-0.76407,-0.08452,-0.55858,487.34
quat3,-0.13557,-0.64356,-0.07182,-0.74987,487.34
quat4,0.25910,-0.77535,-0.27334,-0.50694,487.34
quat5,-0.02248,-0.83596,0.00992,-0.54824,487.34
quat6,-0.12863,-0.90766,0.02441,-0.39877,487.34
quat7,-0.04165,-0.89870,0.00640,-0.43653,487.34
quat8,-0.08396,-0.76009,-0.04705,-0.64265,487.34
quat0,-0.71054,0.09130,-0.69672,-0.03717,487.36
quat1,0.11177,-0.95765,0.16964,-0.20404,487.36
quat2,0.31156,-0.77182,-0.08693,-0.54742,487.36
quat3,-0.13630,-0.65223,-0.06695,-0.74265,487.36
quat4,0.25407,-0.78137,-0.26942,-0.50232,487.36
quat5,-0.02718,-0.84254,0.01241,-0.53781,487.36
quat6,-0.13174,-0.90855,0.02251,-0.39583,487.36
quat7,-0.03660,-0.90210,0.00866,-0.42988,487.36
quat8,-0.08460,-0.75554,-0.04209,-0.64825,487.36
quat0,-0.71120,0.08581,-0.69715,-0.02834,487.38
quat1,0.11122,-0.95646,0.16241,-0.21548,487.38
quat2,0.31055,-0.77734,-0.08724,-0.54008,487.38
quat3,-0.13479,-0.66000,-0.06230,-0.73644,487.38
quat4,0.24695,-0.78592,-0.26420,-0.50154,487.38
quat5,-0.03530,-0.83891,0.01486,-0.54292,487.38
quat6,-0.12965,-0.90440,0.02283,-0.40587,487.38
quat7,-0.02884,-0.90786,0.00553,-0.41825,487.38
quat8,-0.08543,-0.75830,-0.03653,-0.64525,487.38
quat0,-0.71191,0.08944,-0.69590,-0.03015,487.4
quat1,0.11141,-0.95575,0.15570,-0.22337,487.4
quat2,0.30825,-0.77964,-0.08449,-0.53852,487.4
quat3,-0.13078,-0.66668,-0.05920,-0.73139,487.4
quat4,0.24052,-0.78652,-0.25645,-0.50771,487.4
quat5,-0.04551,-0.82769,0.01660,-0.55909,487.4
quat6,-0.12181,-0.90198,0.02274,-0.41362,487.4
quat7,-0.02045,-0.91190,0.00190,-0.40991,487.4
quat8,-0.08687,-0.76720,-0.03034,-0.63477,487.4
quat0,-0.71287,0.09489,-0.69399,-0.03444,487.42
quat1,0.11315,-0.95536,0.15116,-0.22722,487.42
quat2,0.30448,-0.78027,-0.07842,-0.54067,487.42
quat3,-0.12592,-0.66938,-0.05786,-0.72988,487.42
quat4,0.23600,-0.78390,-0.24766,-0.51814,487.42
quat5,-0.05401,-0.81676,0.02079,-0.57407,487.42
quat6,-0.11193,-0.90250,0.01882,-0.41547,487.42
quat7,-0.01253,-0.91446,-0.00037,-0.40449,487.42
quat8,-0.08899,-0.77790,-0.02407,-0.62159,487.42
quat0,-0.71337,0.09399,-0.69366,-0.03310,487.44
quat1,0.11498,-0.95508,0.14866,-0.22912,487.44
quat2,0.30120,-0.78146,-0.07086,-0.54183,487.44
quat3,-0.12195,-0.66784,-0.05691,-0.73204,487.44
quat4,0.23108,-0.78295,-0.24003,-0.52533,487.44
quat5,-0.06166,-0.80992,0.02508,-0.58275,487.44
quat6,-0.10503,-0.90437,0.01384,-0.41339,487.44
quat7,-0.00644,-0.91628,0.00049,-0.40050,487.44
quat8,-0.09245,-0.78594,-0.01697,-0.61112,487.44
quat0,-0.71360,0.09096,-0.69402,-0.02899,487.46
quat1,0.11516,-0.95489,0.14743,-0.23064,487.46
quat2,0.29861,-0.78885,-0.06604,-0.53310,487.46
quat3,-0.12030,-0.66502,-0.05568,-0.73497,487.46
quat4,0.22440,-0.78378,-0.23416,-0.52963,487.46
quat5,-0.07012,-0.80419,0.02907,-0.58950,487.46
quat6,-0.09987,-0.90538,0.00953,-0.41258,487.46
quat7,-0.00288,-0.91817,-0.00009,-0.39617,487.46
quat8,-0.09717,-0.79091,-0.00933,-0.60410,487.46
quat0,-0.71418,0.08751,-0.69404,-0.02424,487.48
quat1,0.11336,-0.95486,0.14631,-0.23235,487.48
quat2,0.29592,-0.80457,-0.06666,-0.51054,487.48
quat3,-0.12058,-0.66365,-0.05240,-0.73640,487.48
quat4,0.21853,-0.78207,-0.22869,-0.53695,487.48
quat5,-0.07937,-0.79620,0.03334,-0.59888,487.48
quat6,-0.09634,-0.90345,0.00650,-0.41768,487.48
quat7,0.00169,-0.91984,-0.00418,-0.39227,487.48
quat8,-0.10365,-0.79400,-0.00148,-0.59901,487.48
quat0,-0.71453,0.08652,-0.69389,-0.02188,487.5
quat1,0.11107,-0.95544,0.14474,-0.23206,487.5
quat2,0.29427,-0.82235,-0.06976,-0.48196,487.5
quat3,-0.12178,-0.66507,-0.04662,-0.73531,487.5
quat4,0.21461,-0.77477,-0.22330,-0.55119,487.5
quat5,-0.08783,-0.78698,0.03821,-0.60949,487.5
quat6,-0.09006,-0.89851,0.00407,-0.42961,487.5
quat7,0.00661,-0.92052,-0.01046,-0.39051,487.5
quat8,-0.11237,-0.79565,0.00596,-0.59522,487.5
quat0,-0.71528,0.08506,-0.69339,-0.01866,487.52
quat1,0.10924,-0.95579,0.14407,-0.23190,487.52
quat2,0.29498,-0.83693,-0.07046,-0.45559,487.52
quat3,-0.12410,-0.66938,-0.03923,-0.73143,487.52
quat4,0.21125,-0.76241,-0.21988,-0.57076,487.52
quat5,-0.09579,-0.77983,0.04450,-0.61702,487.52
quat6,-0.08248,-0.89322,0.00127,-0.44198,487.52
quat7,0.01220,-0.92012,-0.01640,-0.39111,487.52
quat8,-0.12142,-0.79801,0.01374,-0.59013,487.52
quat0,-0.71654,0.08246,-0.69248,-0.01526,487.54
quat1,0.10721,-0.95547,0.14372,-0.23438,487.54
quat2,0.30134,-0.85054,-0.06982,-0.42533,487.54
quat3,-0.12751,-0.67557,-0.03260,-0.72546,487.54
quat4,0.20913,-0.74525,-0.22083,-0.59338,487.54
quat5,-0.10315,-0.77466,0.05000,-0.62190,487.54
quat6,-0.07443,-0.88978,-0.00200,-0.45028,487.54
quat7,0.01518,-0.91883,-0.02011,-0.39386,487.54
quat8,-0.12859,-0.80207,0.02108,-0.58285,487.54
quat0,-0.71740,0.08078,-0.69187,-0.01131,487.56
quat1,0.10436,-0.95351,0.14584,-0.24221,487.56
quat2,0.31309,-0.86645,-0.07097,-0.38236,487.56
quat3,-0.13147,-0.68116,-0.02869,-0.71966,487.56
quat4,0.20832,-0.72129,-0.22573,-0.62080,487.56
quat5,-0.11725,-0.77243,0.06425,-0.62087,487.56
quat6,-0.06920,-0.88821,-0.00498,-0.45416,487.56
quat7,0.01941,-0.91726,-0.02443,-0.39707,487.56
quat8,-0.14294,-0.80116,0.03216,-0.58024,487.56
quat0,-0.71967,0.08442,-0.68913,-0.00618,487.58
quat1,0.10027,-0.95097,0.14984,-0.25131,487.58
quat2,0.32967,-0.88205,-0.07552,-0.32804,487.58
quat3,-0.13380,-0.69148,-0.03012,-0.70926,487.58
quat4,0.20942,-0.68801,-0.23652,-0.65334,487.58
quat5,-0.18856,-0.77164,0.07224,-0.60316,487.58
quat6,-0.03897,-0.88358,-0.00913,-0.46657,487.58
quat7,0.03696,-0.92328,-0.04226,-0.37999,487.58
quat8,-0.18761,-0.79558,0.09058,-0.56891,487.58
quat0,-0.71778,0.11877,-0.68572,-0.02175,487.6
quat1,0.09676,-0.94842,0.15896,-0.25666,487.6
quat2,0.35203,-0.89367,-0.07910,-0.26678,487.6
quat3,-0.12982,-0.70547,-0.03664,-0.69579,487.6
quat4,0.21525,-0.64095,-0.25281,-0.69206,487.6
quat5,-0.22250,-0.72905,0.07184,-0.64329,487.6
quat6,-0.03006,-0.88102,-0.00669,-0.47208,487.6
quat7,0.03702,-0.92668,-0.06201,-0.36885,487.6
quat8,-0.20219,-0.81536,0.11976,-0.52912,487.6
quat0,-0.74199,0.19878,-0.63599,-0.07378,487.62
quat1,0.09566,-0.94934,0.16999,-0.24637,487.62
quat2,0.37167,-0.89987,-0.07525,-0.21546,487.62
quat3,-0.13171,-0.69747,-0.05097,-0.70256,487.62
quat4,0.23786,-0.58213,-0.27026,-0.72905,487.62
quat5,-0.24386,-0.74121,0.07831,-0.62048,487.62
quat6,-0.01624,-0.89007,-0.02265,-0.45497,487.62
quat7,0.05929,-0.92214,-0.07624,-0.37459,487.62
quat8,-0.22331,-0.80660,0.13575,-0.53020,487.62
quat0,-0.72397,0.14348,-0.67310,-0.04713,487.64
quat1,0.08731,-0.95453,0.16205,-0.23452,487.64
quat2,0.38266,-0.90258,-0.07664,-0.18180,487.64
quat3,-0.13239,-0.67604,-0.04659,-0.72337,487.64
quat4,0.25671,-0.54617,-0.28410,-0.74504,487.64
quat5,-0.24973,-0.73746,0.07822,-0.62263,487.64
quat6,-0.01559,-0.89974,-0.03552,-0.43470,487.64
quat7,0.05091,-0.91299,-0.05854,-0.40055,487.64
quat8,-0.23232,-0.80560,0.14192,-0.52621,487.64
quat0,-0.72359,0.13985,-0.67445,-0.04440,487.66
quat1,0.07884,-0.95289,0.17030,-0.23827,487.66
quat2,0.38428,-0.90329,-0.07313,-0.17621,487.66
quat3,-0.14093,-0.66811,-0.04639,-0.72912,487.66
quat4,0.26446,-0.54627,-0.29529,-0.73787,487.66
quat5,-0.23971,-0.73379,0.07795,-0.63089,487.66
quat6,-0.02735,-0.89328,-0.03201,-0.44753,487.66
quat7,0.04592,-0.91573,-0.05546,-0.39530,487.66
quat8,-0.22882,-0.80936,0.13111,-0.52477,487.66
quat0,-0.71722,0.13319,-0.68282,-0.04027,487.68
quat1,0.07432,-0.95218,0.17525,-0.23901,487.68
quat2,0.38467,-0.90241,-0.07389,-0.17949,487.68
quat3,-0.15162,-0.66292,-0.04906,-0.73154,487.68
quat4,0.27019,-0.56350,-0.29988,-0.72079,487.68
quat5,-0.21307,-0.73505,0.06776,-0.64009,487.68
quat6,-0.04659,-0.88344,-0.01901,-0.46584,487.68
quat7,0.03121,-0.92229,-0.04962,-0.38203,487.68
quat8,-0.20851,-0.81440,0.10829,-0.53061,487.68
quat0,-0.72009,0.11566,-0.68359,-0.02812,487.7
quat1,0.07265,-0.95599,0.17543,-0.22369,487.7
quat2,0.38644,-0.89897,-0.07914,-0.19041,487.7
quat3,-0.15786,-0.64973,-0.05077,-0.74186,487.7
quat4,0.28104,-0.58272,-0.30148,-0.70040,487.7
quat5,-0.17169,-0.75201,0.05305,-0.63418,487.7
quat6,-0.07246,-0.87853,-0.00226,-0.47215,487.7
quat7,0.00225,-0.92416,-0.03623,-0.38028,487.7
quat8,-0.17519,-0.81279,0.07417,-0.55062,487.7
